<?xml version="1.0" encoding="UTF-8" standalone="yes"?>
<addon id="repository.mpz.repor" name="[COLOR aqua]WIZARD MPZ[/COLOR] [COLOR royalblue]REPO[/COLOR]" version="1.0" provider-name="Mpz">
    <extension point="xbmc.addon.repository" name="repompz">
        <info>https://raw.githubusercontent.com/MagoPoza/mago/master/Repositorio/addons.xml</info>
        <checksum>https://raw.githubusercontent.com/MagoPoza/mago/master/Repositorio/addons.xml.md5</checksum>
        <datadir zip="true">https://raw.githubusercontent.com/MagoPoza/mago/master/Repositorio/</datadir>
    </extension>
    <extension point="xbmc.addon.metadata">
        <summary>Repositorio wizard mpz</summary>
        <description></description>
        <disclaimer></disclaimer>
        <platform>all</platform>
    </extension>
</addon>
